ds,ch,grp,f,a,st,fail,buf,nz,maxresp,pct,snr,rho,Kd,R2
kana_try,1,G1+,382.0,0.03,0.001,2,0.015,0.0004,0.047,320.0,104.4,1.0,722.0,0.97
kana_try,1,G1-,172.0,0.08,0.006,0,0.019,0.0004,-0.007,-35.0,18.4,-0.8,743857.0,0.44
kana_try,2,G2+,51.0,0.18,0.005,44,0.002,0.001,0.003,123.0,2.8,0.37,55.0,0.16
kana_try,2,G2-,189.0,0.14,0.007,50,0.002,0.0006,0.001,64.0,2.4,0.12,224.0,0.03
kana_try,3,G3+,500.0,0.05,0.001,0,0.032,0.0007,0.057,180.0,78.6,1.0,275.0,0.99
kana_try,3,G3-,125.0,0.07,0.008,1,0.019,0.0003,-0.011,-58.0,39.1,-0.84,3399.0,0.89
kana_try,4,G4+,434.0,0.04,0.004,4,0.024,0.0007,0.042,174.0,62.6,0.92,176.0,0.9
kana_try,4,G4-,121.0,0.06,0.004,1,0.018,0.0004,-0.004,-23.0,11.4,-0.19,1.0,-0.0
kana_try,5,G5+,500.0,0.04,0.002,3,0.035,0.0009,0.062,179.0,65.4,1.0,412.0,0.99
kana_try,5,G5-,138.0,0.09,0.003,0,0.029,0.0004,-0.012,-42.0,29.3,-0.98,652.0,0.97
kana_try,6,G6+,453.0,0.08,0.001,0,0.026,0.0048,0.016,63.0,3.4,0.81,210.0,0.74
kana_try,6,G6-,269.0,0.09,0.002,0,0.011,0.0007,-0.003,-28.0,4.4,-0.72,533161.0,0.54
kana_try,7,G7+,297.0,0.04,0.001,0,0.027,0.0004,0.045,167.0,118.4,1.0,312.0,0.99
kana_try,7,G7-,196.0,0.1,0.004,0,0.039,0.0006,-0.012,-30.0,20.6,-0.86,1770.0,0.91
kana_try,8,G8+,368.0,0.04,0.003,0,0.026,0.0005,0.042,159.0,80.5,0.98,237.0,0.99
kana_try,8,G8-,260.0,0.1,0.007,2,0.047,0.001,-0.028,-60.0,29.2,-0.67,12604.0,0.82
kana_try,9,G9+,45.0,0.04,0.01,100,,,,,,,,
kana_try,9,G9-,491.0,0.08,0.001,77,0.035,0.0081,,,,,,
kana_try,10,G10+,297.0,0.04,0.001,0,0.017,0.0003,0.028,167.0,84.6,1.0,318.0,1.0
kana_try,10,G10-,149.0,0.09,0.005,0,0.021,0.0002,-0.007,-32.0,36.1,-0.8,4037.0,0.87
kana_try,1,MANUAL,200.0,0.036,0.002,0,0.013,0.0003,0.021,162.0,67.5,0.97,152.0,0.97
kana_try,2,MANUAL,200.0,0.036,0.002,95,0.002,,,,,,,
kana_try,3,MANUAL,200.0,0.036,0.002,0,0.018,0.0004,0.017,96.0,41.8,0.77,80.0,0.86
kana_try,4,MANUAL,200.0,0.036,0.002,0,0.017,0.0004,0.018,103.0,50.8,0.81,92.0,0.93
kana_try,5,MANUAL,200.0,0.036,0.002,0,0.021,0.0005,0.023,110.0,50.0,0.96,154.0,0.97
kana_try,6,MANUAL,200.0,0.036,0.002,38,0.006,0.0003,0.005,81.0,14.4,0.67,75.0,0.74
kana_try,7,MANUAL,200.0,0.036,0.002,0,0.02,0.0004,0.024,119.0,65.8,0.96,160.0,0.98
kana_try,8,MANUAL,200.0,0.036,0.002,0,0.02,0.0003,0.02,101.0,59.5,0.86,112.0,0.94
kana_try,9,MANUAL,200.0,0.036,0.002,100,,,,,,,,
kana_try,10,MANUAL,200.0,0.036,0.002,0,0.013,0.0002,0.015,119.0,60.7,0.94,194.0,0.98
kana_st2,1,G1,497.0,0.1,0.003,5,0.033,0.0073,-0.019,-58.0,2.6,0.14,1.0,-0.0
kana_st2,2,G2+,200.0,0.036,0.002,1,0.045,0.0049,0.026,57.0,5.3,0.63,64.0,0.5
kana_st2,2,G2-,227.0,0.12,0.002,0,0.085,0.0047,-0.016,-19.0,3.4,-0.54,125.0,0.3
kana_st2,3,G3+,469.0,0.08,0.002,5,0.032,0.0038,0.011,33.0,2.8,0.38,56.0,0.15
kana_st2,3,G3-,400.0,0.2,0.002,2,0.031,0.0026,-0.012,-38.0,4.6,-0.47,61.0,0.26
kana_st2,4,G4+,406.0,0.04,0.002,6,0.046,0.0061,0.02,44.0,3.3,0.88,223.0,0.69
kana_st2,4,G4-,445.0,0.19,0.001,2,0.052,0.0047,-0.012,-24.0,2.6,-0.89,169.0,0.59
kana_st2,5,G5+,318.0,0.04,0.003,7,0.017,0.0024,0.009,52.0,3.8,0.44,1708.0,0.51
kana_st2,5,G5-,280.0,0.17,0.008,14,0.034,0.0024,-0.012,-36.0,5.1,-0.84,898.0,0.72
kana_st2,6,G6+,426.0,0.2,0.001,4,0.048,0.0074,-0.015,-32.0,2.1,-0.65,2772.0,0.46
kana_st2,6,G6-,148.0,0.14,0.003,1,0.04,0.0035,-0.011,-28.0,3.1,-0.21,32.0,0.06
kana_st2,7,G7,268.0,0.15,0.003,0,0.09,0.0066,-0.018,-20.0,2.7,-0.61,58.0,0.59
kana_st2,8,G8+,491.0,0.2,0.001,12,0.02,0.0026,0.008,38.0,2.9,0.22,1.0,-0.0
kana_st2,8,G8-,98.0,0.14,0.001,5,0.009,0.0011,0.003,34.0,2.6,0.05,5167.0,0.07
kana_st2,9,G9+,364.0,0.05,0.006,6,0.04,0.004,0.022,56.0,5.5,0.96,256.0,0.8
kana_st2,9,G9-,344.0,0.13,0.001,1,0.077,0.013,0.045,58.0,3.4,-0.76,2274.0,0.1
kana_st2,10,G10+,470.0,0.03,0.001,8,0.037,0.0057,0.035,95.0,6.0,0.88,306.0,0.92
kana_st2,10,G10-,351.0,0.12,0.005,3,0.059,0.0044,-0.012,-20.0,2.7,-0.87,1747.0,0.55
kana_st2,1,MANUAL,200.0,0.036,0.002,4,0.011,0.0012,0.005,43.0,4.2,0.41,24.0,0.21
kana_st2,2,MANUAL,200.0,0.036,0.002,1,0.047,0.0052,0.021,46.0,4.1,0.49,109.0,0.37
kana_st2,3,MANUAL,200.0,0.036,0.002,6,0.014,0.0016,0.004,26.0,2.2,0.31,8.0,0.04
kana_st2,4,MANUAL,200.0,0.036,0.002,5,0.031,0.0055,0.016,51.0,2.9,0.66,117.0,0.49
kana_st2,5,MANUAL,200.0,0.036,0.002,6,0.013,0.0017,0.005,37.0,2.9,0.61,214.0,0.43
kana_st2,6,MANUAL,200.0,0.036,0.002,1,0.045,0.003,0.024,52.0,7.9,0.58,36.0,0.48
kana_st2,7,MANUAL,200.0,0.036,0.002,3,0.045,0.0051,0.029,66.0,5.7,0.6,118.0,0.56
kana_st2,8,MANUAL,200.0,0.036,0.002,14,0.012,0.0018,0.003,26.0,1.6,0.15,184.0,0.12
kana_st2,9,MANUAL,200.0,0.036,0.002,2,0.031,0.0039,0.013,41.0,3.2,0.4,79.0,0.33
kana_st2,10,MANUAL,200.0,0.036,0.002,4,0.028,0.0026,0.019,69.0,7.2,0.84,84.0,0.77
amp0,1,G1+,471.0,0.1,0.001,1,0.024,0.0006,-0.001,-4.0,1.7,-0.04,1.0,-0.0
amp0,1,G1-,500.0,0.13,0.009,6,0.035,0.0112,-0.025,-71.0,2.2,-0.83,23296.0,0.83
amp0,2,G2+,200.0,0.036,0.002,88,0.005,0.0006,,,,,,
amp0,2,G2-,500.0,0.01,0.009,4,0.01,0.0023,-0.004,-36.0,1.6,0.43,1.0,-0.0
amp0,3,G3+,500.0,0.08,0.002,1,0.017,0.0006,-0.004,-22.0,6.3,0.63,1.0,-0.0
amp0,3,G3-,472.0,0.12,0.01,1,0.024,0.007,-0.016,-68.0,2.3,0.34,1.0,-0.0
amp0,4,G4+,340.0,0.02,0.004,26,0.005,0.001,0.003,64.0,3.0,-0.32,1.0,-0.0
amp0,4,G4-,454.0,0.14,0.009,30,0.027,0.0016,-0.017,-63.0,10.7,-0.81,1078.0,0.59
amp0,5,G5+,331.0,0.07,0.002,0,0.026,0.001,-0.002,-9.0,2.3,0.26,1.0,-0.0
amp0,5,G5-,460.0,0.14,0.003,4,0.028,0.0013,-0.005,-17.0,3.7,-0.78,602922.0,0.82
amp0,6,G6+,202.0,0.01,0.003,22,0.003,0.0006,0.001,31.0,1.4,0.49,1.0,-0.0
amp0,6,G6-,347.0,0.07,0.01,18,0.028,0.0015,-0.016,-58.0,10.4,-0.81,1946.0,0.7
amp0,7,G7+,488.0,0.05,0.001,44,0.014,0.0008,-0.003,-21.0,3.7,-0.81,1.0,-0.0
amp0,7,G7-,426.0,0.2,0.001,24,0.007,0.0017,-0.006,-89.0,3.6,0.06,1.0,-0.0
amp0,8,G8+,500.0,0.06,0.001,0,0.021,0.0006,-0.002,-8.0,3.2,-0.8,1587.0,0.54
amp0,8,G8-,434.0,0.13,0.009,27,0.029,0.0006,-0.022,-77.0,34.6,0.71,1.0,-0.0
amp0,9,G9+,327.0,0.09,0.001,7,0.029,0.0009,0.017,57.0,19.5,0.83,999999.0,0.84
amp0,9,G9-,500.0,0.1,0.01,7,0.044,0.0019,-0.028,-63.0,14.3,-0.3,1681.0,0.26
amp0,10,G10+,362.0,0.03,0.01,33,0.011,0.001,-0.008,-74.0,8.7,-0.75,4917.0,0.56
amp0,10,G10-,362.0,0.08,0.009,26,0.03,0.0021,-0.016,-53.0,7.4,-0.95,2159.0,0.9
amp0,1,MANUAL,200.0,0.036,0.002,3,0.006,0.0002,0.0,8.0,2.4,-0.08,1.0,-0.0
amp0,2,MANUAL,200.0,0.036,0.002,90,0.004,,,,,,,
amp0,3,MANUAL,200.0,0.036,0.002,29,0.005,0.0002,-0.001,-13.0,3.4,-0.07,781.0,0.02
amp0,4,MANUAL,200.0,0.036,0.002,69,0.005,0.0005,-0.001,-24.0,2.5,0.1,1.0,-0.0
amp0,5,MANUAL,200.0,0.036,0.002,0,0.011,0.0004,0.001,7.0,2.0,0.72,4297.0,0.35
amp0,6,MANUAL,200.0,0.036,0.002,88,0.005,0.0006,,,,,,
amp0,7,MANUAL,200.0,0.036,0.002,69,0.006,0.0007,,,,,,
amp0,8,MANUAL,200.0,0.036,0.002,46,0.008,0.0004,0.001,9.0,1.6,-0.54,1.0,-0.0
amp0,9,MANUAL,200.0,0.036,0.002,0,0.011,0.0005,0.001,14.0,2.7,-0.26,1.0,-0.0
amp0,10,MANUAL,200.0,0.036,0.002,91,0.005,0.0001,,,,,,
vanco,2,G1+,36.0,0.11,0.005,12,0.016,0.0005,0.014,87.0,29.2,0.53,10269.0,0.68
vanco,2,G1-,322.0,0.06,0.004,0,0.262,0.0059,-0.058,-22.0,9.8,-0.95,1.0,0.87
vanco,4,G2+,254.0,0.16,0.006,30,0.364,0.0084,0.066,18.0,7.9,0.95,1.0,0.5
vanco,4,G2-,484.0,0.12,0.002,14,0.788,0.0117,-0.068,-9.0,5.8,-0.17,1.0,-0.15
vanco,5,G3+,53.0,0.13,0.002,0,0.037,0.0005,0.006,17.0,13.0,0.17,1.0,0.14
vanco,5,G3-,108.0,0.07,0.002,0,0.157,0.0031,-0.03,-19.0,9.5,-0.68,1.0,0.54
vanco,6,G4+,149.0,0.16,0.004,0,0.092,0.0021,0.014,15.0,6.3,-0.01,1.0,-0.17
vanco,6,G4-,401.0,0.07,0.005,0,0.271,0.0048,-0.061,-23.0,12.7,-0.94,1.0,0.91
vanco,7,G5+,96.0,0.2,0.003,32,0.088,0.001,-0.005,-6.0,4.9,0.41,1.0,-0.94
vanco,7,G5-,126.0,0.08,0.004,0,0.237,0.0031,-0.033,-14.0,10.7,-0.13,1.0,-0.54
vanco,8,G6+,271.0,0.19,0.001,8,0.136,0.003,0.007,5.0,2.4,-0.26,1.0,-0.42
vanco,8,G6-,240.0,0.06,0.001,0,0.208,0.0032,-0.038,-18.0,12.0,-0.79,1.0,0.2
vanco,9,G7+,248.0,0.18,0.003,7,0.254,0.0086,0.027,10.0,3.1,-0.28,1.0,-0.17
vanco,9,G7-,440.0,0.07,0.002,0,0.6,0.0096,-0.086,-14.0,9.0,-0.03,1.0,-0.84
vanco,10,G8+,150.0,0.17,0.005,0,0.18,0.0033,0.033,18.0,9.8,0.37,1.0,0.09
vanco,10,G8-,409.0,0.07,0.001,0,0.457,0.0106,-0.056,-12.0,5.3,-0.92,1.0,0.82
vanco,2,MANUAL,200.0,0.036,0.002,0,0.11,0.0021,-0.018,-16.0,8.2,-0.97,1.0,0.78
vanco,4,MANUAL,200.0,0.036,0.002,0,0.216,0.0048,-0.036,-17.0,7.5,-0.56,1.0,0.38
vanco,5,MANUAL,200.0,0.036,0.002,3,0.037,0.0013,0.008,22.0,6.4,-0.19,1.0,-0.7
vanco,6,MANUAL,200.0,0.036,0.002,0,0.106,0.0024,-0.014,-13.0,5.8,-0.86,1.0,0.46
vanco,7,MANUAL,200.0,0.036,0.002,0,0.093,0.0021,-0.024,-26.0,11.5,-0.97,9.0,0.95
vanco,8,MANUAL,200.0,0.036,0.002,0,0.108,0.0023,-0.024,-23.0,10.4,-0.97,1.0,0.88
vanco,9,MANUAL,200.0,0.036,0.002,0,0.217,0.0052,-0.037,-17.0,7.0,-0.61,1.0,0.44
vanco,10,MANUAL,200.0,0.036,0.002,0,0.185,0.0034,-0.012,-7.0,3.6,-0.24,1.0,-1.57
